Home,,
,Studies,
,,Show my suspensions
,,Show my study
,,Show all studies
,,Show my  upper division semesters
,,Show my study status/curriculum
,,Show my tuition fees
,Documents,
,,Show my documents
,,Upload a document
,,Neuen Antrag erstellen
,,Download a transcript
,,Show my transcripts
,,Download a confirmation of registration
,,Show my confirmations of registration
,,Show my certificates
,,Download a certificate
,Applications,
,,Reuse an application
,,Show my applications
,,Create an application
,,Edit my applications
,,Cancel an application
,,Withdraw an application
,User Profile,
,,Show my personal settings
,,Show my user profile
,,Edit my user profile
,,Edit my contact address
,,Edit my current/home address
,,Upload a user profile picture
,Mobilities,
,,Show my mobilities
,Achievements,
,,Show my achievements (exam results and accreditions)
,,Show my registered exams
,,Change a course in my curriculum
,,Register to an exam
,,Deregister from an exam
,,Evaluate an exam
,,Show my accreditions
,,Request an accredition
,,Show all theses
,,Show my theses
,,Create a thesis
,Courses,
,,Show all Courses
,,Show my registered courses
,,Show my bookmarked courses
,,Find a course
,,Bookmark a course
,,Register to a course
,,De-register from a course
,,Evaluate a course
,,Delete course bookmark
,,Show a course's groups
,,Change a course registration another group
,,Show a course's application procedures
,,Register to a course's application procedure
,,De-register from a coure's application procedure
,,Edit a registration to a course's application procedure
,Organisations,
,,Show all organisations
,,Show an organisation's details
,Appointments,
,,Show my appointments
,,Create appointment
,,Export appointments
,,Subscribe to appointments
,Permissions,
,,Show my permissions
,,Apply for a permission
,Rooms,
,,Find a room
,,Book a room
,Messages,
,,Delete messages
,,Show my messages
,People,
,,Show people
,,Find person
,,Show a person's details
,Modules,
,,Show all modules
,,Show a SPO-Version's modules
,,Download a SPO-Version's modules
,,Show an organization's modules
,,Donwload an organization's modules
,Services,
,,Edit my public library access
,,Edit my study card
,,Show all services
,,Show my services
,,Edit my services
,Evaluations,
,,Show my evaluations
